timestamp,role,model_key,conversation_id,content
2026-02-07T23:36:11,user,seisan,a13cbef3d45f472cafd1ff123ddd1a4d,,2026年1月の停止時間を教えて
2026-02-07T23:36:41,bot,seisan,a13cbef3d45f472cafd1ff123ddd1a4d,fb6c7591-f4c5-4306-b503-bd7785a1d038,"2026年1月の停止時間に関する具体的なデータは、参考文書には記載されていません。ただし、以下の日付について「その他の停止時間の合計が0」と記録されています。

- **2026年1月13日**
- **2026年1月16日**

これらの日付では、特定のプロジェクト（PJ461 K120SECシーブスライディング）において停止時間が0であったことが示されています。それ以外の日付や詳細な停止時間についての情報は提供されていません。

---

**要約コメント:**  
2026年1月における停止時間については、特定の日付（1月13日と16日）で「その他の停止時間」が0だったことが確認されています。これらはPJ461 K120SECシーブスライディングプロジェクトに関連しています。他の日付や全体的な停止時間についての情報は不足しています。"
